symbol,asset_type,price,future_price,price_change,signal,label,ma5_cross,ma10_cross,ma20_cross,price_vs_ma20,price_vs_ma50,mom5,mom10,mom20,vol10,vol20,vol_ratio,rsi,macd_cross,macd_hist,bb_position,roc5,roc10,score
LMT,STOCK,0.942667,0.920069,-2.3972,SELL,1,-0.853,0.7861,2.4869,-2.3248,0.1042,-4.2624,-6.1094,-4.0106,5.4795,16.8538,0.3251,66.2335,-0.0054,-0.0054,-0.3561,-4.2624,-6.1094,-4
LMT,STOCK,1.147706,1.175033,2.381,SELL,0,-0.4751,0.892,5.7474,2.0768,7.9436,0.0,-0.2967,6.9145,5.625,5.625,1.0,61.9633,-0.0044,-0.0044,0.527,0.0,-0.2967,-2
LMT,STOCK,1.610017,1.589106,-1.2988,SELL,1,2.8713,3.2316,6.3325,4.0423,10.6308,-2.9412,8.1967,8.4507,6.9662,12.2642,0.568,61.1112,-0.0004,-0.0004,0.5246,-2.9412,8.1967,0
LMT,STOCK,1.715692,1.634829,-4.7131,SELL,1,-0.3343,0.2997,-0.6849,-0.4566,-1.1384,-1.7317,-1.7317,-5.3224,3.0129,7.5472,0.3992,60.5323,-0.0003,-0.0003,-0.1109,-1.7317,-1.7317,-3
LMT,STOCK,1.605505,1.759604,9.5982,SELL,0,-0.4584,0.6819,-0.0559,0.1677,0.1117,-2.1835,-1.3216,-4.0686,4.5351,10.0,0.4535,66.2791,-0.0014,-0.0014,0.0315,-2.1835,-1.3216,-4
LMT,STOCK,0.626891,0.527909,-15.7893,SELL,1,-0.7619,3.8092,-1.9678,0.6954,-1.286,-5.5901,-7.3173,3.4013,15.0686,21.7392,0.6932,60.6556,-0.0014,-0.0014,0.0523,-5.5901,-7.3173,-5
LMT,STOCK,0.412429,0.325819,-21.0,SELL,1,-0.3671,-0.5768,17.484,4.8768,23.2134,8.6956,7.5269,11.1111,11.1111,17.0453,0.6519,64.0002,-0.002,-0.002,0.5608,8.6956,7.5269,-1
LMT,STOCK,0.313446,0.305198,-2.6314,BUY,0,-0.3179,-2.0979,-2.709,-3.3694,-5.9871,1.3332,-3.7975,-9.5237,8.1079,13.5132,0.6,39.9998,0.0005,0.0005,-0.5217,1.3332,-3.7975,-1
LMT,STOCK,0.226836,0.247457,9.0907,SELL,0,-1.8428,-1.6489,8.9391,6.6926,16.23,14.5833,3.7738,-3.5089,14.5833,16.6665,0.875,61.9048,-0.0011,-0.0011,0.7799,14.5833,3.7738,-1
LMT,STOCK,0.362938,0.379435,4.5454,SELL,0,-0.5489,7.5741,26.7743,-3.4028,22.4605,-13.7255,-13.7255,14.286,24.9999,59.4203,0.4207,62.6867,-0.0099,-0.0099,-0.1168,-13.7255,-13.7255,-5
LMT,STOCK,0.387683,0.424802,9.5746,SELL,0,-0.1682,1.6265,6.792,5.4402,12.6017,4.4444,0.0,4.4444,11.6279,15.6627,0.7424,67.7419,-0.0023,-0.0023,0.7023,4.4444,0.0,-1
LMT,STOCK,0.276327,0.268079,-2.9849,BUY,0,0.2166,-1.0831,-16.9067,-3.2492,-19.6066,1.515,3.0767,-9.4598,7.576,12.3076,0.6156,45.1612,0.0034,0.0034,-0.512,1.515,3.0767,3
LMT,STOCK,0.301073,0.268079,-10.9588,BUY,0,-1.5831,-2.3746,-4.1234,-3.694,-7.6651,1.3888,-5.1948,-8.75,4.1667,11.111,0.375,37.5002,0.0001,0.0001,-0.6321,1.3888,-5.1948,-1
LMT,STOCK,0.478418,0.466045,-2.5862,BUY,0,0.4959,-0.9917,-6.9803,-4.1322,-10.824,-3.3333,-0.8546,-10.0776,9.4827,9.4827,1.0,37.5,0.0012,0.0012,-0.7667,-3.3333,-0.8546,0
LMT,STOCK,0.75062,0.870225,15.9342,SELL,0,5.4971,6.0379,18.9098,9.342,30.0184,-1.087,5.814,32.8465,8.2351,27.7777,0.2965,74.6268,-0.0022,-0.0022,0.6094,-1.087,5.814,1
LMT,STOCK,4.849787,4.938658,1.8325,BUY,1,0.7705,-0.4571,2.6267,-0.222,2.3988,1.5957,-0.2611,0.0,4.5454,5.3476,0.85,39.5833,0.0007,0.0007,-0.0795,1.5957,-0.2611,3
LMT,STOCK,4.834141,4.793854,-0.8334,SELL,1,-0.1426,-0.2281,8.7419,2.6518,11.6256,3.1518,0.0,1.6949,4.9562,5.5719,0.8895,60.9375,-0.0221,-0.0221,0.7682,3.1518,0.0,0
LMT,STOCK,3.094806,3.498475,13.0434,BUY,1,0.8571,-1.4286,-0.019,-1.4286,-1.4474,3.5,1.9704,1.4705,10.101,13.1313,0.7692,38.8888,0.0078,0.0078,-0.1903,3.5,1.9704,3
LMT,STOCK,3.109757,3.528378,13.4615,BUY,1,1.1669,-1.5004,0.167,-0.9288,-0.7634,1.4635,-0.9524,-0.4785,10.101,13.1313,0.7692,38.889,0.0053,0.0053,-0.1236,1.4635,-0.9524,2
LMT,STOCK,4.082485,4.112836,0.7434,SELL,0,3.2333,3.3882,7.298,4.1627,11.7644,-1.1029,6.3242,9.7959,4.2145,12.3966,0.34,70.2129,-0.001,-0.001,0.5551,-1.1029,6.3242,1
LMT,STOCK,4.899316,5.857193,19.5512,BUY,1,0.0792,-1.5053,-4.8176,-1.125,-5.8884,3.6545,2.2951,-3.7037,6.6446,8.9701,0.7407,37.8788,0.024,0.024,-0.2013,3.6545,2.2951,4
LMT,STOCK,9.981377,10.175362,1.9435,SELL,0,-0.0089,1.2931,-0.6363,0.9542,0.3119,-1.2216,-0.5272,1.6158,4.8737,7.5926,0.6419,64.7726,-0.0104,-0.0104,0.2309,-1.2216,-0.5272,-3
LMT,STOCK,10.539818,10.816318,2.6234,SELL,0,-0.351,-0.4708,2.2103,1.5324,3.7765,3.1304,2.2414,-0.8361,3.6714,4.0211,0.913,60.8693,-0.0021,-0.0021,0.6386,3.1304,2.2414,0
LMT,STOCK,16.362253,16.450865,0.5416,SELL,0,1.6761,1.8798,3.9078,2.6021,6.6116,-1.0715,1.0949,3.1657,3.1308,9.8039,0.3193,68.0,-0.0083,-0.0083,0.5211,-1.0715,1.0949,1
LMT,STOCK,25.768152,26.164818,1.5394,SELL,0,1.3903,0.8957,3.7443,1.8728,5.6872,-1.688,1.9928,3.9385,5.4635,5.984,0.913,61.0039,-0.0098,-0.0098,0.5915,-1.688,1.9928,1
LMT,STOCK,27.572353,27.045683,-1.9101,SELL,1,-0.0993,0.2486,-0.3422,-0.6916,-1.0315,-1.5198,-1.193,1.329,2.0247,3.125,0.6479,60.2898,-0.0267,-0.0267,-0.3796,-1.5198,-1.193,-3
LMT,STOCK,30.842079,32.008953,3.7834,SELL,0,-0.105,0.6092,5.3328,1.7925,7.2209,0.1895,2.0533,2.3767,4.2105,6.685,0.6299,60.8258,-0.1188,-0.1188,0.5927,0.1895,2.0533,-2
LMT,STOCK,62.272934,59.614098,-4.2696,SELL,1,-0.1568,0.7235,2.5864,0.2062,2.7979,-1.2833,-0.7465,1.6999,2.7957,3.8738,0.7217,60.9946,-0.1306,-0.1306,0.0894,-1.2833,-0.7465,-3
LMT,STOCK,141.052612,146.418884,3.8044,SELL,0,-0.1454,1.1995,1.2689,-0.1716,1.0951,-2.3538,-2.8608,0.5162,4.4798,6.8563,0.6534,60.6085,-0.4822,-0.4822,-0.039,-2.3538,-2.8608,-4
LMT,STOCK,166.320068,161.590683,-2.8435,SELL,1,-0.2008,1.2371,2.0954,-0.2191,1.8717,-3.3288,-1.7868,0.6393,4.8501,6.7616,0.7173,60.9203,-0.6296,-0.6296,-0.0506,-3.3288,-1.7868,-4
LMT,STOCK,308.513245,319.958191,3.7097,SELL,0,-0.0785,0.4171,1.4274,1.4037,2.8511,1.9687,0.1085,0.3097,3.3173,3.9612,0.8374,66.7692,-0.2993,-0.2993,0.5049,1.9687,0.1085,-1
LMT,STOCK,296.102295,288.472168,-2.5769,BUY,0,-0.8803,-1.1794,-2.8945,-1.8033,-4.6456,1.1312,-0.9111,-3.1481,3.7757,5.9298,0.6367,36.1633,0.2621,0.2621,-0.5443,1.1312,-0.9111,-1
LMT,STOCK,620.310852,657.156677,5.9399,SELL,0,4.5202,3.3541,13.5304,5.1312,19.3559,-1.6777,5.5448,20.2801,9.3422,17.1443,0.5449,64.2024,-1.1813,-1.1813,0.5677,-1.6777,5.5448,1
ABTC,STOCK,17400.0,16480.0,-5.2874,BUY,0,-7.9801,-5.4519,-32.6979,-10.5904,-39.8255,1.0453,-13.1737,-23.4828,14.9826,35.1916,0.4257,32.8652,222.3811,222.3811,-0.6019,1.0453,-13.1737,-2
ABTC,STOCK,17600.0,17140.0,-2.6136,BUY,0,-6.2858,-5.1913,-33.4925,-8.2664,-38.9903,2.0882,-10.6599,-23.8095,14.9826,35.1916,0.4257,35.0829,246.2095,246.2095,-0.5187,2.0882,-10.6599,-1
ABTC,STOCK,11860.0,9420.0,-20.5734,BUY,0,-3.7301,-3.6826,-14.7377,-6.0743,-19.9168,1.7153,-9.4656,-7.1987,15.4529,19.0053,0.8131,34.2857,100.2899,100.2899,-0.5984,1.7153,-9.4656,-2
ABTC,STOCK,11860.0,9220.0,-22.2597,BUY,0,-2.4631,-4.2746,-13.9148,-5.7683,-18.8805,5.3286,-8.7692,-6.4669,14.2096,19.0053,0.7477,34.5679,88.3806,88.3806,-0.5474,5.3286,-8.7692,-1
ABTC,STOCK,2640.0,2700.0,2.2727,BUY,1,-9.8908,-9.2954,-18.5877,-12.6695,-28.9023,3.937,-11.4094,-22.3529,17.3228,41.7323,0.4151,28.5714,20.7138,20.7138,-0.5635,3.937,-11.4094,-1
ABTC,STOCK,680.0,306.0,-55.0,BUY,0,-9.4212,-8.8502,-24.4362,-11.7571,-33.3203,4.2945,-16.4619,-16.8704,18.2099,35.8025,0.5086,34.7328,16.0161,16.0161,-0.5829,4.2945,-16.4619,-1
ABTC,STOCK,254.0,260.0,2.3622,BUY,1,-10.8492,-6.5511,-19.8878,-11.9584,-29.468,3.252,-22.0859,-9.2857,26.0163,32.5203,0.8,35.6322,3.8316,3.8316,-0.6382,3.252,-22.0859,-1
ABTC,STOCK,202.0,133.0,-34.1584,BUY,0,0.4642,-0.8767,-14.3854,4.1774,-10.8089,9.7826,5.2083,-1.9417,9.7826,26.6667,0.3668,38.1818,3.7778,3.7778,0.3845,9.7826,5.2083,4
ABTC,STOCK,78.800003,80.0,1.5228,BUY,1,-7.9427,-6.1737,-19.4867,-7.07,-25.179,6.1995,-8.3721,-15.2688,14.5553,24.9326,0.5838,33.4247,0.0868,0.0868,-0.5027,6.1995,-8.3721,-1
ABTC,STOCK,61.099998,52.099998,-14.73,BUY,0,1.4591,-2.6589,-9.9877,-0.9403,-10.8342,1.8333,5.3448,-8.806,20.7273,27.2727,0.76,38.6189,0.6399,0.6399,-0.0763,1.8333,5.3448,2
ABTC,STOCK,7.6,8.2,7.8947,BUY,1,1.6224,-1.6224,-14.8102,4.9361,-10.6051,9.3525,2.7027,4.1096,23.4848,43.5484,0.5393,37.5,0.3042,0.3042,0.2372,9.3525,2.7027,3
ABTC,STOCK,7.25,8.7,20.0,BUY,1,2.6731,-1.9877,-13.7462,-0.6169,-14.2783,9.8485,3.5714,16.9355,23.4848,37.9845,0.6183,37.1429,0.2686,0.2686,-0.0316,9.8485,3.5714,3
ABTC,STOCK,3.11,3.135,0.8039,BUY,1,0.2214,-2.7253,-5.2025,5.9445,0.4327,17.3585,6.5068,18.4762,23.3962,45.4183,0.5151,34.8315,0.0504,0.0504,0.3072,17.3585,6.5068,3
ABTC,STOCK,0.99,0.785,-20.7071,BUY,0,-15.9119,-15.3718,-22.2244,-17.7399,-36.0217,2.0619,-17.1548,-40.3614,22.5131,62.8272,0.3583,27.1186,0.0002,0.0002,-0.5151,2.0619,-17.1548,-1
ABTC,STOCK,0.885,1.26,42.3729,BUY,1,-10.0086,-7.5281,-12.2884,-10.029,-21.085,2.907,-6.547,-18.8073,24.4304,46.8354,0.5216,36.3316,0.0045,0.0045,-0.5215,2.907,-6.547,-1
ABTC,STOCK,0.872,1.24,42.2018,BUY,1,-7.2666,-7.4004,-12.2756,-10.3111,-21.3209,10.3797,-9.6373,-20.7273,24.4304,46.8354,0.5216,33.2143,0.0046,0.0046,-0.5358,10.3797,-9.6373,-1
PFE,STOCK,0.144075,0.139228,-3.3642,BUY,0,0.1838,-0.9798,-2.3435,0.1227,-2.2237,1.8695,1.5528,-4.386,4.4584,8.9174,0.5,37.7787,0.0003,0.0003,0.0251,1.8695,1.5528,3
PFE,STOCK,0.093125,0.100109,7.4996,BUY,1,0.4398,-1.4345,-3.8281,-1.3361,-5.113,2.0403,4.1667,-2.7059,5.6113,13.2707,0.4228,36.5846,0.0006,0.0006,-0.2113,2.0403,4.1667,4
PFE,STOCK,0.107064,0.101586,-5.1166,SELL,1,-0.6642,-0.2846,0.6719,1.9925,2.6778,1.8958,3.865,0.901,3.865,3.865,1.0,66.6667,-0.0,-0.0,0.6916,1.8958,3.865,-1
PFE,STOCK,0.10813,0.112154,3.7214,SELL,0,-0.2804,1.028,1.2281,0.467,1.7008,-1.8267,0.0,1.895,3.791,5.7969,0.654,60.001,-0.0002,-0.0002,0.1293,-1.8267,0.0,-3
PFE,STOCK,0.172678,0.1809,4.7615,SELL,0,-0.0978,1.0767,5.011,2.7733,7.9233,2.6062,2.6062,3.9603,5.28,7.7701,0.6795,60.3447,-0.0003,-0.0003,0.7295,2.6062,2.6062,0
PFE,STOCK,0.220501,0.233848,6.053,SELL,0,-0.0984,1.0717,5.3599,0.7498,6.1499,-2.2637,-2.2637,7.3186,4.5164,10.9245,0.4134,63.3281,-0.0009,-0.0009,0.1169,-2.2637,-2.2637,-4
PFE,STOCK,0.371225,0.33553,-9.6155,SELL,1,4.8847,4.4267,11.2705,5.8345,17.7625,-2.1944,7.9585,16.4178,11.15,15.5799,0.7157,67.1134,-0.0001,-0.0001,0.5716,-2.1944,7.9585,-1
PFE,STOCK,0.338036,0.345883,2.3214,SELL,0,-0.0904,0.935,-0.4952,0.2974,-0.1993,-1.4593,-2.4804,3.2243,3.5844,6.8266,0.5251,60.2754,-0.0001,-0.0001,0.0723,-1.4593,-2.4804,-3
PFE,STOCK,0.592654,0.614283,3.6495,SELL,0,-0.1353,-0.0369,-0.0224,1.1444,1.1217,1.9851,-0.9637,0.2439,2.75,3.7499,0.7334,60.0003,-0.0001,-0.0001,0.6428,1.9851,-0.9637,-1
PFE,STOCK,0.719429,0.704219,-2.1142,BUY,0,0.1593,-0.9876,-3.1093,0.4566,-2.6669,1.9397,3.7281,-0.6303,4.646,9.2919,0.5,36.3639,0.003,0.003,0.1025,1.9397,3.7281,3
PFE,STOCK,1.629998,1.538572,-5.609,BUY,0,0.244,-0.4977,-6.2043,-3.5815,-9.5636,-2.947,-2.3715,-7.8358,6.4777,6.4777,1.0,35.1852,0.0026,0.0026,-0.988,-2.947,-2.3715,0
PFE,STOCK,3.443604,3.633739,5.5214,SELL,0,-0.4749,-0.5172,2.3338,3.4604,5.875,5.388,2.7311,5.6209,5.388,5.3942,0.9988,64.9352,-0.0046,-0.0046,1.0195,5.388,2.7311,0
PFE,STOCK,11.340551,10.754429,-5.1684,BUY,0,0.0938,-1.3908,-1.9133,-2.9984,-4.8543,-1.9934,0.2005,-7.5524,5.6719,8.474,0.6693,33.0059,0.0185,0.0185,-0.5522,-1.9934,0.2005,1
PFE,STOCK,10.273627,10.706955,4.2179,BUY,1,0.3899,-0.394,0.8136,-0.3042,0.507,1.2018,1.9198,-1.2935,3.1082,4.6744,0.6649,38.8513,0.0068,0.0068,-0.1296,1.2018,1.9198,3
PFE,STOCK,8.678703,7.880158,-9.2012,BUY,0,0.0386,-0.1063,-1.1891,-1.1607,-2.336,-1.4941,-0.9515,0.274,2.275,2.5633,0.8875,34.0261,0.0098,0.0098,-0.8149,-1.4941,-0.9515,1
PFE,STOCK,18.45191,17.984407,-2.5336,SELL,1,-0.4463,0.7855,4.0211,2.2925,6.4058,1.011,0.9473,5.0263,4.3039,5.857,0.7348,61.3258,-0.0508,-0.0508,0.602,1.011,0.9473,-1
PFE,STOCK,23.372673,23.520645,0.6331,SELL,0,-0.0455,0.7784,1.4772,0.1033,1.582,-1.6513,-0.6834,1.3389,2.933,4.7887,0.6125,61.4243,-0.034,-0.034,0.0398,-1.6513,-0.6834,-3
PFE,STOCK,23.412985,23.767023,1.5121,BUY,1,0.357,-1.002,-0.1354,0.4189,0.2829,1.9121,3.7359,-1.2904,3.9324,6.6168,0.5943,37.9372,0.0454,0.0454,0.0933,1.9121,3.7359,3
PFE,STOCK,26.920095,23.47929,-12.7815,SELL,1,-0.1314,0.1929,6.6789,1.4955,8.2742,1.4616,3.0499,1.1555,2.4691,3.3009,0.748,61.2132,-0.0904,-0.0904,0.712,1.4616,3.0499,-1
PFE,STOCK,23.208456,24.175119,4.1651,BUY,1,0.2946,0.2031,-1.3764,-1.6082,-2.9624,-2.5372,-2.7838,-2.147,3.2354,4.4787,0.7224,39.2226,0.0054,0.0054,-0.6569,-2.5372,-2.7838,0
PFE,STOCK,23.92482,22.362631,-6.5296,BUY,0,0.5271,0.4544,0.321,0.767,1.0904,1.3158,-0.7874,4.2497,1.5351,9.579,0.1603,34.1463,0.0102,0.0102,0.165,1.3158,-0.7874,3
ORCL,STOCK,0.122956,0.11189,-9.0,SELL,1,-0.3884,0.7767,4.6428,-2.9128,1.5947,-3.8467,2.0399,-7.4078,10.1005,19.1488,0.5275,60.0005,-0.0008,-0.0008,-0.2715,-3.8467,2.0399,-5
ORCL,STOCK,0.127875,0.152466,19.2305,SELL,0,-2.5664,1.4044,-2.8509,0.7268,-2.1449,-1.8859,0.0,-1.8859,14.2849,19.1488,0.746,60.8703,-0.0004,-0.0004,0.0822,-1.8859,0.0,-4
ORCL,STOCK,0.167221,0.154925,-7.3531,SELL,1,-0.2684,-0.7288,6.2002,4.3347,10.8036,3.0301,4.6158,3.0301,7.9367,11.9997,0.6614,60.5265,-0.0001,-0.0001,0.6654,3.0301,4.6158,0
ORCL,STOCK,0.238535,0.236076,-1.0309,SELL,1,-0.886,-0.9934,5.9563,4.161,10.3652,6.5935,1.0416,1.0416,8.3797,9.4969,0.8824,60.3769,-0.0007,-0.0007,0.7947,6.5935,1.0416,0
ORCL,STOCK,0.314768,0.331982,5.4688,SELL,0,-0.5007,0.5007,5.8826,2.5436,8.5758,4.0648,0.7874,5.7852,7.0246,7.9164,0.8873,65.3062,-0.0011,-0.0011,0.5485,4.0648,0.7874,0
ORCL,STOCK,0.494284,0.457397,-7.4627,SELL,1,3.8522,4.2744,14.8485,6.0686,21.8181,-1.4707,3.6083,23.313,9.6258,22.7545,0.423,66.1286,-0.0025,-0.0025,0.5187,-1.4707,3.6083,1
ORCL,STOCK,0.118038,0.125415,6.2497,BUY,1,-13.2275,-8.642,-37.9921,-15.344,-47.5066,6.6663,-14.2857,-39.2405,33.3324,51.1111,0.6522,37.5001,0.0032,0.0032,-0.6063,6.6663,-14.2857,-1
ORCL,STOCK,0.186894,0.177057,-5.2634,SELL,1,-1.0308,-0.4811,10.1938,4.4677,15.1169,4.1099,5.5558,-1.2981,10.145,13.4334,0.7552,62.8571,-0.0008,-0.0008,0.5992,4.1099,5.5558,-1
ORCL,STOCK,0.201648,0.216403,7.3172,SELL,0,1.3681,4.1043,6.0375,6.8403,13.2908,-1.2052,6.4937,13.8887,12.1627,15.2781,0.7961,64.7052,-0.0004,-0.0004,0.648,-1.2052,6.4937,0
ORCL,STOCK,2.611592,2.368138,-9.3221,SELL,1,-2.157,-0.1947,2.6761,6.0515,8.8896,6.7874,4.5791,9.7674,12.7389,12.7389,1.0,60.2941,-0.0086,-0.0086,0.9388,6.7874,4.5791,-1
ORCL,STOCK,4.573052,4.23277,-7.441,SELL,1,-1.9525,0.753,-4.1865,-0.6178,-4.7784,-1.4311,-3.7555,0.7313,12.8847,17.4,0.7405,60.7595,-0.007,-0.007,-0.0831,-1.4311,-3.7555,-4
ORCL,STOCK,2.805248,2.647556,-5.6213,BUY,0,0.9393,-1.1916,-23.6083,-5.2292,-27.603,-5.5866,-2.8735,-34.749,10.9792,11.276,0.9737,34.7826,0.0565,0.0565,-0.7352,-5.5866,-2.8735,-1
ORCL,STOCK,2.581159,3.270022,26.6881,BUY,1,-9.1802,-4.0024,-22.2251,-7.4543,-28.0226,3.6667,-15.4891,-14.0884,29.4117,29.4117,1.0,39.3332,0.0202,0.0202,-0.5125,3.6667,-15.4891,-1
ORCL,STOCK,7.69368,7.369998,-4.2071,SELL,1,-1.2545,-0.6146,4.7835,4.0667,9.0447,5.8219,1.4778,-2.8302,8.8028,12.8572,0.6847,66.2921,-0.0392,-0.0392,0.6799,5.8219,1.4778,0
ORCL,STOCK,23.056147,22.48348,-2.4838,SELL,1,3.9233,7.1782,24.4206,14.604,42.591,-2.0106,10.8982,36.7799,23.0469,53.5338,0.4305,64.2269,-0.1806,-0.1806,0.6568,-2.0106,10.8982,-1
ORCL,STOCK,34.708717,28.857525,-16.858,SELL,1,-1.5824,0.0922,14.0784,7.0825,22.158,11.6093,0.1437,6.7381,16.4609,16.4609,1.0,63.2353,-0.2731,-0.2731,0.7163,11.6093,0.1437,-1
ORCL,STOCK,9.106927,6.549343,-28.0839,BUY,0,-2.4572,-3.7583,-11.7378,-5.275,-16.3936,1.1504,-7.3744,-11.0506,10.2376,17.3674,0.5895,38.3966,0.059,0.059,-0.582,1.1504,-7.3744,-2
ORCL,STOCK,8.923673,8.365943,-6.25,BUY,0,1.5575,0.5482,0.0453,-2.5494,-2.5053,-3.6973,0.4484,1.4493,7.2842,7.2842,1.0,39.7591,0.0149,0.0149,-0.5496,-3.6973,0.4484,0
ORCL,STOCK,10.827922,10.73231,-0.883,SELL,1,-0.5094,-0.0037,0.6505,1.0672,1.7246,-1.3788,3.0326,-0.4396,4.394,6.2787,0.6998,63.5899,-0.0095,-0.0095,0.2841,-1.3788,3.0326,-3
ORCL,STOCK,15.648294,15.815621,1.0693,SELL,0,-0.257,0.1791,1.353,1.9756,3.3553,4.8585,1.3415,3.4228,5.0187,5.0187,1.0,62.3953,-0.0134,-0.0134,0.7,4.8585,1.3415,0
ORCL,STOCK,18.0336,16.920506,-6.1723,SELL,1,-0.0979,0.1935,1.4375,2.5431,4.0172,2.6436,1.3045,5.8271,4.4527,5.2337,0.8508,64.4534,-0.0028,-0.0028,1.0348,2.6436,1.3045,0
ORCL,STOCK,33.273376,33.836189,1.6915,BUY,1,0.1871,0.0409,-1.7833,-1.84,-3.5906,-1.7853,-0.975,-3.9059,3.4083,3.4083,1.0,37.7778,0.0155,0.0155,-1.1586,-1.7853,-0.975,1
ORCL,STOCK,36.677628,37.336651,1.7968,SELL,0,-0.1738,2.1514,4.3125,-0.3803,3.9158,-3.2069,-5.3948,3.9595,6.8726,15.7197,0.4372,63.1348,-0.256,-0.256,-0.0379,-3.2069,-5.3948,-4
ORCL,STOCK,36.457943,37.297962,2.3041,SELL,0,-0.1462,1.1324,-0.5887,0.1323,-0.4572,-1.2812,0.6531,-0.5302,4.151,7.0894,0.5855,61.9999,-0.0093,-0.0093,0.0326,-1.2812,0.6531,-3
ORCL,STOCK,55.335529,52.526581,-5.0762,SELL,1,-0.3075,0.6993,2.8852,-0.4976,2.3732,-1.3715,-1.9708,1.0652,3.0862,4.8935,0.6307,60.8921,-0.2056,-0.2056,-0.1876,-1.3715,-1.9708,-3
ORCL,STOCK,228.754837,243.200836,6.3151,SELL,0,6.7567,4.2917,19.1473,5.4902,25.6888,-2.642,8.5659,30.9955,12.8805,18.7431,0.6872,71.6459,-0.0666,-0.0666,0.5016,-2.642,8.5659,-1
AAPL,STOCK,0.073442,0.071734,-2.3256,BUY,0,0.2106,-2.5564,-8.684,3.4588,-5.5255,8.861,20.2804,1.1765,11.6887,31.4696,0.3714,39.7436,0.0012,0.0012,0.2677,8.861,20.2804,3
AAPL,STOCK,0.087105,0.102477,17.6477,BUY,1,2.6238,0.2165,-6.3598,-1.8057,-8.0507,1.4926,-0.9709,-3.7748,8.4592,10.1012,0.8374,38.2971,0.0006,0.0006,-0.3122,1.4926,-0.9709,3
AAPL,STOCK,0.085397,0.095218,11.5004,BUY,1,0.4816,0.0481,-5.6706,-3.6616,-9.1245,-6.5433,-1.4779,-0.9901,9.0015,10.1012,0.8911,36.1698,0.0002,0.0002,-0.6178,-6.5433,-1.4779,0
AAPL,STOCK,0.126816,0.116141,-8.4177,SELL,1,-0.4743,0.615,-0.1089,4.3759,4.2623,-1.3289,2.4147,3.1259,9.8543,9.8543,1.0,54.6405,-0.0,-0.0,0.8403,-1.3289,2.4147,-3
AAPL,STOCK,0.146884,0.18147,23.5465,SELL,0,-1.7596,-0.9544,8.2731,2.5948,11.0826,4.8782,3.9276,1.1765,6.173,8.0249,0.7692,60.2941,-0.0008,-0.0008,0.5753,4.8782,3.9276,0
AAPL,STOCK,0.149446,0.176346,17.9998,SELL,0,-0.2087,-0.5666,7.682,4.3843,12.4031,8.0249,3.8577,0.0,8.0249,8.0249,1.0,61.4286,-0.0003,-0.0003,0.9721,8.0249,3.8577,0
AAPL,STOCK,0.425646,0.447815,5.2083,SELL,0,4.6556,4.4122,14.9043,6.6544,22.5505,-2.0346,8.8258,18.4756,7.912,19.7561,0.4005,68.0873,-0.0016,-0.0016,0.624,-2.0346,8.8258,0
AAPL,STOCK,0.298714,0.332498,11.3098,BUY,1,-6.5925,-5.1739,-10.9375,-6.537,-16.7595,2.1276,-8.9431,-6.9253,11.854,19.7568,0.6,12.8191,0.0003,0.0003,-0.5378,2.1276,-8.9431,-1
AAPL,STOCK,0.269638,0.194537,-27.8525,BUY,0,-5.0935,-3.9438,-17.9773,-4.8381,-21.9457,2.0548,-4.4873,-11.3097,8.2196,15.7534,0.5218,35.2272,0.0022,0.0022,-0.5117,2.0548,-4.4873,0
AAPL,STOCK,0.178127,0.170856,-4.0819,BUY,0,-4.228,-2.4402,-5.8101,-5.2909,-10.7936,1.0311,-6.6665,-13.6559,10.3092,15.4638,0.6667,34.6157,0.0004,0.0004,-0.6875,1.0311,-6.6665,-2
AAPL,STOCK,0.225177,0.192064,-14.7053,BUY,0,0.5166,-1.5092,-4.2163,-0.3341,-4.5363,4.6809,-0.8066,-0.8066,9.3613,12.3403,0.7586,37.3238,0.001,0.001,-0.0491,4.6809,-0.8066,4
AAPL,STOCK,0.117403,0.128161,9.1633,BUY,1,-4.8742,-2.8637,-16.9813,-4.7983,-20.9648,2.0319,-5.6398,-12.2378,9.8362,13.115,0.75,28.5714,0.0009,0.0009,-0.6192,2.0319,-5.6398,0
AAPL,STOCK,0.117871,0.127226,7.9366,BUY,1,-3.8296,-2.9531,-16.5711,-3.9817,-19.893,3.2787,-5.2636,-8.6958,9.8362,13.115,0.75,28.5714,0.0011,0.0011,-0.5175,3.2787,-5.2636,0
AAPL,STOCK,0.12442,0.123483,-0.7531,BUY,0,0.4147,0.49,-3.9743,0.2645,-3.7203,3.1017,0.0,5.1395,6.2017,14.4003,0.4307,36.8446,0.0007,0.0007,0.0368,3.1017,0.0,4
AAPL,STOCK,0.098226,0.143597,46.1904,BUY,1,-6.9723,-5.6927,-13.6465,-7.3254,-19.9722,1.4501,-8.2968,-17.3224,7.7296,22.2222,0.3478,25.0031,0.0003,0.0003,-0.5239,1.4501,-8.2968,-1
AAPL,STOCK,0.358757,0.346596,-3.3898,SELL,1,2.5543,4.006,6.1867,5.0468,11.5457,-1.0326,2.9529,5.939,7.7027,17.9216,0.4298,64.3519,-0.0009,-0.0009,0.5032,-1.0326,2.9529,1
AAPL,STOCK,0.224516,0.221709,-1.2502,BUY,0,-12.7921,-8.9372,-10.1653,-12.7193,-21.5916,4.8038,-14.5905,-25.9258,19.2144,38.8652,0.4944,30.5558,0.0013,0.0013,-0.6092,4.8038,-14.5905,-1
AAPL,STOCK,0.341413,0.414307,21.3507,SELL,0,-1.1385,0.9404,2.4747,0.4645,2.9507,-1.9348,-0.7399,-1.1271,7.2555,9.2247,0.7865,60.537,-0.0013,-0.0013,0.105,-1.9348,-0.7399,-3
AAPL,STOCK,0.594966,0.752876,26.541,SELL,0,1.927,2.1645,8.9491,3.7221,13.0044,-2.1901,2.7662,12.9261,6.1373,11.802,0.52,66.8936,-0.0018,-0.0018,0.6618,-2.1901,2.7662,0
AAPL,STOCK,7.499126,8.05263,7.3809,SELL,0,-0.6277,1.2879,0.0172,-0.4201,-0.403,-4.7925,2.6218,-4.4183,8.5321,11.0153,0.7746,60.7053,-0.0247,-0.0247,-0.0742,-4.7925,2.6218,-4
AAPL,STOCK,14.213531,13.504831,-4.9861,BUY,0,0.0016,-1.9756,-7.0891,-0.264,-7.3344,2.7929,2.6964,-6.2029,9.1352,16.8523,0.5421,36.6066,0.1271,0.1271,-0.0266,2.7929,2.6964,4
AAPL,STOCK,24.139145,26.086498,8.0672,BUY,1,-1.3253,-2.7529,-5.8413,-4.4786,-10.0583,3.8365,-7.5365,-5.611,11.5303,16.0978,0.7163,38.2057,0.0457,0.0457,-0.5605,3.8365,-7.5365,-1
AAPL,STOCK,25.582235,26.0812,1.9504,SELL,0,-0.7239,-0.4626,3.2141,3.9329,7.2734,3.1469,5.4434,2.185,8.3778,8.3778,1.0,60.2074,-0.0099,-0.0099,1.1512,3.1469,5.4434,0
NVDA,STOCK,0.077831,0.087023,11.8102,SELL,0,-1.7298,-0.6149,23.4367,6.8938,31.9462,7.7678,3.9868,-4.9566,13.9863,23.6482,0.5914,66.7805,-0.0008,-0.0008,0.7151,7.7678,3.9868,-1
NVDA,STOCK,0.125162,0.165451,32.1895,BUY,1,-13.1556,-13.6016,-24.8676,-17.9453,-38.3503,17.544,-21.1657,-19.0974,38.7327,78.475,0.4936,28.058,0.0006,0.0006,-0.5562,17.544,-21.1657,-1
NVDA,STOCK,0.505683,0.516532,2.1454,SELL,0,6.192,6.2709,14.613,8.6845,24.5666,-2.6619,9.3146,23.6733,9.8548,32.3989,0.3042,63.5384,-0.0012,-0.0012,0.5312,-2.6619,9.3146,0
NVDA,STOCK,0.250206,0.299254,19.603,BUY,1,-5.876,-6.7356,-18.8209,-10.6193,-27.4415,7.8367,-11.2946,-22.2088,22.1603,43.2664,0.5122,38.6964,0.002,0.002,-0.6041,7.8367,-11.2946,-1
NVDA,STOCK,0.193671,0.172126,-11.1245,SELL,1,3.4815,4.8194,8.5309,6.6539,15.7524,-1.5914,6.3787,22.1098,6.2267,22.2592,0.2797,63.7272,-0.0002,-0.0002,0.5524,-1.5914,6.3787,1
NVDA,STOCK,0.16525,0.170369,3.0977,BUY,1,-1.4247,-2.982,-8.9628,-4.3007,-12.878,1.6923,-3.0047,-10.9879,6.5563,12.0748,0.543,35.2698,0.0005,0.0005,-0.5802,1.6923,-3.0047,-1
NVDA,STOCK,0.21384,0.206124,-3.6083,SELL,1,-0.7846,-0.4444,5.524,2.3981,8.0545,3.5134,1.4869,2.3398,4.7527,7.0354,0.6755,63.8118,-0.0007,-0.0007,0.5848,3.5134,1.4869,0
NVDA,STOCK,0.345781,0.354949,2.6514,SELL,0,1.3657,1.9775,10.2352,2.9351,13.4707,-1.0276,2.7236,10.823,6.0297,10.1717,0.5928,62.1927,-0.0017,-0.0017,0.5077,-1.0276,2.7236,1
NVDA,STOCK,0.321028,0.330042,2.8079,BUY,1,-6.2075,-5.414,-14.6988,-6.3411,-20.1079,4.1646,-7.9719,-13.6455,11.9335,21.7521,0.5486,39.2548,0.0013,0.0013,-0.5023,4.1646,-7.9719,-1
NVDA,STOCK,0.305442,0.293524,-3.9019,BUY,0,1.0829,-0.9531,-14.1217,-3.7786,-17.3667,-2.7725,-4.3997,-8.3868,10.8826,14.1169,0.7709,34.7822,0.0033,0.0033,-0.5484,-2.7725,-4.3997,-1
NVDA,STOCK,0.521039,0.551446,5.8358,SELL,0,0.3524,1.033,6.2115,4.0569,10.5204,-2.2083,4.923,5.9992,9.1051,10.488,0.8681,60.2089,-0.0007,-0.0007,0.7305,-2.2083,4.923,0
NVDA,STOCK,0.438528,0.467255,6.5508,BUY,1,0.401,-0.4586,-5.2874,-2.8684,-8.0041,-6.3012,0.2794,-6.2704,8.0424,8.7125,0.9231,36.632,0.0016,0.0016,-0.501,-6.3012,0.2794,0
NVDA,STOCK,0.802187,0.857423,6.8857,SELL,0,-0.0964,1.7907,6.3273,5.3963,12.0651,1.2147,-0.455,16.9267,8.9084,13.8355,0.6439,66.586,-0.0032,-0.0032,0.6994,1.2147,-0.455,-1
NVDA,STOCK,0.192525,0.17671,-8.2145,BUY,0,4.4568,-1.1515,6.3083,0.2328,6.5558,4.0895,6.1949,7.5547,22.1042,24.1015,0.9171,39.4496,0.0009,0.0009,0.0201,4.0895,6.1949,3
NVDA,STOCK,0.211777,0.222779,5.1951,BUY,1,-5.1553,-5.7783,-7.5186,-7.1451,-14.1265,3.3558,-11.6635,-15.3846,13.3113,23.3781,0.5694,33.2349,0.0003,0.0003,-0.5396,3.3558,-11.6635,-1
NVDA,STOCK,0.436619,0.371069,-15.0131,BUY,0,2.5764,-0.6693,1.1042,1.1953,2.3127,3.7583,5.5987,2.1448,12.7108,16.279,0.7808,39.3851,0.0024,0.0024,0.1286,3.7583,5.5987,3
NVDA,STOCK,0.530608,0.509109,-4.0518,BUY,0,0.0963,-0.1993,0.2033,-1.3191,-1.1185,-1.255,-0.1359,0.7778,3.2683,3.3605,0.9726,39.584,0.0001,0.0001,-0.5984,-1.255,-0.1359,1
NVDA,STOCK,0.738689,0.798814,8.1394,SELL,0,4.4824,2.8593,10.4194,4.5374,15.4296,-3.2155,5.9233,9.3131,13.8578,15.104,0.9175,60.4034,-0.0005,-0.0005,0.5032,-3.2155,5.9233,-1
NVDA,STOCK,3.760916,3.62047,-3.7344,SELL,1,4.1383,3.6549,18.633,5.0748,24.6534,-4.733,5.5486,19.4257,11.3478,20.319,0.5585,68.2725,-0.015,-0.015,0.5444,-4.733,5.5486,-1
NVDA,STOCK,5.177255,5.501299,6.259,SELL,0,3.3317,2.2647,7.399,3.2682,10.909,-1.1021,0.6722,11.6067,4.716,10.5045,0.449,69.5367,-0.0024,-0.0024,0.5286,-1.1021,0.6722,1
NVDA,STOCK,9.20413,9.49711,3.1831,SELL,0,1.6749,1.3344,11.1005,3.8633,15.3926,-1.3959,5.3677,4.9369,6.8471,10.4162,0.6574,64.5665,-0.0287,-0.0287,0.7825,-1.3959,5.3677,1
NVDA,STOCK,20.768423,22.794809,9.7571,SELL,0,-0.2128,0.2712,1.7289,4.8419,6.6545,3.1108,2.2095,6.4321,9.3277,9.3277,1.0,60.1756,-0.0228,-0.0228,1.0251,3.1108,2.2095,0
NVDA,STOCK,16.907219,19.556395,15.6689,BUY,1,-6.6337,-5.3164,-16.6176,-8.333,-23.5658,1.8521,-16.7011,-21.1526,16.5008,25.7125,0.6417,38.7107,0.0739,0.0739,-0.6109,1.8521,-16.7011,-2
NVDA,STOCK,18.678946,16.233881,-13.09,SELL,1,0.2949,2.7774,5.2206,4.6792,10.144,-1.4746,3.0061,18.6969,12.4605,19.3404,0.6443,61.6447,-0.0006,-0.0006,0.5037,-1.4746,3.0061,0
NVDA,STOCK,27.642527,28.185051,1.9626,SELL,0,-0.4908,0.1512,9.7127,2.4341,12.3832,1.833,-1.0656,6.8224,4.5497,6.7407,0.675,61.1101,-0.1834,-0.1834,0.648,1.833,-1.0656,-1
NVDA,STOCK,131.097061,120.110649,-8.3804,BUY,0,0.2621,-3.6481,-3.0706,0.2117,-2.8655,5.0549,6.0146,-0.4705,14.4951,26.1958,0.5533,38.9773,0.8682,0.8682,0.015,5.0549,6.0146,3
NVDA,STOCK,174.860809,186.559509,6.6903,BUY,1,0.9778,-1.1113,0.264,-0.2249,0.0386,2.4185,2.4065,-3.9119,6.4723,8.8313,0.7329,38.86,0.0082,0.0082,-0.046,2.4185,2.4065,4
MSFT,STOCK,0.069683,0.069155,-0.7577,SELL,1,-0.6683,-0.1966,6.0858,3.7321,10.045,4.7613,2.3245,0.0,6.4513,6.4513,1.0,63.1542,-0.0001,-0.0001,1.2393,4.7613,2.3245,0
MSFT,STOCK,0.064405,0.076546,18.851,SELL,0,-1.9082,-0.9219,0.0042,4.6096,4.614,7.9661,3.3904,0.8266,8.9302,9.8233,0.9091,64.0,0.0,0.0,0.789,7.9661,3.3904,0
MSFT,STOCK,0.219609,0.249171,13.4612,BUY,1,0.8518,0.035,-4.2517,-2.9285,-7.0557,-2.8038,-2.8038,-5.0229,6.2502,6.2502,1.0,38.1819,0.0005,0.0005,-0.7932,-2.8038,-2.8038,0
MSFT,STOCK,1.56313,1.582135,1.2158,SELL,0,-0.3156,-0.0693,0.6242,1.2853,1.9175,0.9202,-0.303,-3.8012,3.2761,4.7021,0.6967,60.6382,-0.0009,-0.0009,0.5118,0.9202,-0.303,-1
MSFT,STOCK,1.674781,1.807814,7.9433,SELL,0,-1.0334,0.4221,3.3575,2.6051,6.0501,3.9822,0.4273,5.8558,8.1327,8.7879,0.9254,63.1576,-0.0042,-0.0042,0.5583,3.9822,0.4273,0
MSFT,STOCK,4.000472,4.304546,7.601,SELL,0,-0.3682,0.2376,2.3998,2.2768,4.7313,3.5671,2.4331,0.0,4.0791,7.0087,0.582,61.1112,-0.005,-0.005,0.6578,3.5671,2.4331,0
MSFT,STOCK,10.039193,9.939412,-0.9939,SELL,1,2.5535,2.5288,5.7684,4.2608,10.275,-1.5836,5.8088,4.2942,5.6595,12.5853,0.4497,73.9535,-0.0058,-0.0058,0.6759,-1.5836,5.8088,1
MSFT,STOCK,15.838221,15.29979,-3.3996,BUY,0,0.6768,-0.6036,-8.5093,-2.3497,-10.6591,-0.6143,-1.5646,-5.2965,5.2305,5.2305,1.0,36.8507,0.0932,0.0932,-0.7006,-0.6143,-1.5646,1
MSFT,STOCK,17.538605,17.398653,-0.798,SELL,1,-0.5243,2.1689,3.4501,0.668,4.1411,-6.8466,-2.5778,-0.9567,10.6014,14.1581,0.7488,60.2601,-0.0862,-0.0862,0.0888,-6.8466,-2.5778,-5
MSFT,STOCK,25.577604,23.913767,-6.5051,SELL,1,-0.126,0.6798,4.3048,1.3985,5.7636,1.2112,1.7166,3.9553,2.9458,4.0875,0.7207,67.4576,-0.0883,-0.0883,0.6121,1.2112,1.7166,-1
MSFT,STOCK,27.077679,27.274424,0.7266,BUY,1,0.1742,-0.9508,-0.7403,1.8015,1.0478,6.0353,-1.5499,3.9006,7.2231,11.5569,0.625,37.1644,0.0566,0.0566,0.2821,6.0353,-1.5499,4
MSFT,STOCK,26.889116,27.282623,1.4634,BUY,1,0.7216,-1.2879,-0.5161,0.937,0.4161,3.6007,-1.7964,3.1446,6.0353,11.5569,0.5222,39.3365,0.0667,0.0667,0.1482,3.6007,-1.7964,4
MSFT,STOCK,34.012077,33.263088,-2.2021,SELL,1,-0.2018,-0.4608,2.5431,1.806,4.395,2.3285,4.2336,1.4144,4.3134,5.7172,0.7545,60.3481,-0.022,-0.022,0.5406,2.3285,4.2336,0
MSFT,STOCK,293.47937,271.075684,-7.6338,SELL,1,-0.1472,-0.2336,3.2904,1.4192,4.7563,2.6813,1.1231,4.984,3.216,3.216,1.0,63.9636,-0.3575,-0.3575,0.7528,2.6813,1.1231,0
MSFT,STOCK,408.118439,414.378571,1.5339,SELL,0,-0.1267,0.2944,2.0832,1.7926,3.9131,3.1367,1.9142,0.1898,3.3351,3.3351,1.0,61.3913,-0.6447,-0.6447,0.8229,3.1367,1.9142,0
MSFT,STOCK,470.843201,457.821167,-2.7657,BUY,0,0.1235,0.3478,-2.4302,-2.118,-4.4967,-3.09,-0.6679,-1.0027,3.1886,4.0343,0.7904,36.9127,0.4257,0.4257,-0.9413,-3.09,-0.6679,0
AMZN,STOCK,0.221354,0.247917,12.0002,SELL,0,-3.2371,-2.7052,22.7582,10.2821,35.3804,11.2566,9.1139,-4.2794,22.1263,22.1263,1.0,60.5403,-0.0023,-0.0023,0.9588,11.2566,9.1139,-1
AMZN,STOCK,0.226042,0.24375,7.8339,SELL,0,-0.4338,-1.5994,21.2585,12.4136,36.311,15.2723,12.8743,3.3335,24.7128,24.7128,1.0,62.6944,-0.0005,-0.0005,1.0849,15.2723,12.8743,-1
AMZN,STOCK,1.134375,0.778125,-31.405,BUY,0,-4.4342,-4.2368,-12.4365,-10.4533,-21.5898,6.1404,-8.1013,-23.0932,24.269,35.3801,0.686,36.376,0.0031,0.0031,-0.694,6.1404,-8.1013,-1
AMZN,STOCK,0.63,0.575,-8.7302,SELL,1,-4.8125,-1.4758,3.751,15.501,19.8334,24.6291,2.107,24.1379,38.0066,38.0066,1.0,60.3972,-0.0023,-0.0023,0.8877,24.6291,2.107,-1
AMZN,STOCK,0.626,0.6865,9.6645,SELL,0,-3.4223,6.7915,5.0631,2.3838,7.5675,-8.8128,-13.2964,13.4058,37.9004,69.77,0.5432,60.0683,-0.0117,-0.0117,0.0793,-8.8128,-13.2964,-5
AMZN,STOCK,0.6705,0.824,22.8934,BUY,1,2.3252,-3.597,10.1923,2.7389,13.2104,7.1086,-2.3307,37.6797,23.4875,52.5591,0.4469,38.0571,0.0002,0.0002,0.1377,7.1086,-2.3307,3
AMZN,STOCK,1.9465,2.2925,17.7755,SELL,0,-0.2536,1.9673,4.4142,-0.2792,4.1226,-1.8159,-7.4857,-0.8658,7.6804,20.6768,0.3714,65.2861,-0.0144,-0.0144,-0.0243,-1.8159,-7.4857,-3
AMZN,STOCK,2.1355,2.0115,-5.8066,BUY,0,-1.5456,-2.2867,-9.8031,-3.4933,-12.954,1.6663,0.9216,-6.8687,5.6653,12.2114,0.4639,39.8305,0.0123,0.0123,-0.509,1.6663,0.9216,-1
AMZN,STOCK,1.9745,1.9475,-1.3674,BUY,0,1.684,0.0854,1.6206,0.6846,2.3163,1.4124,2.4384,8.0142,5.5716,9.5659,0.5824,39.8256,0.0047,0.0047,0.1287,1.4124,2.4384,3
AMZN,STOCK,2.251,1.993,-11.4616,SELL,1,-0.2444,0.5656,0.1017,3.2983,3.4034,2.8793,-2.1517,5.3099,5.8049,11.5394,0.5031,60.4966,-0.0015,-0.0015,0.5705,2.8793,-2.1517,0
AMZN,STOCK,1.6285,1.873,15.0138,SELL,0,-0.02,0.9922,5.0287,0.2015,5.2404,-2.2509,-0.0614,5.6096,3.8378,8.6816,0.4421,61.8715,-0.0058,-0.0058,0.0507,-2.2509,-0.0614,-4
AMZN,STOCK,5.041,4.3635,-13.4398,SELL,1,-0.2519,-0.882,7.0801,8.7741,16.4755,12.6103,5.77,7.8519,12.8498,12.8498,1.0,64.3939,-0.0027,-0.0027,1.505,12.6103,5.77,-1
AMZN,STOCK,9.1375,9.2765,1.5212,SELL,0,1.9523,1.7555,3.711,2.1546,5.9456,-1.0879,4.0895,3.5118,4.0432,6.2205,0.65,69.027,-0.0007,-0.0007,0.5145,-1.0879,4.0895,1
AMZN,STOCK,19.3475,20.110001,3.9411,SELL,0,3.7937,3.1576,7.3717,3.8147,11.4676,-1.6945,4.8872,12.6295,5.7237,12.6141,0.4538,67.1489,-0.0108,-0.0108,0.5111,-1.6945,4.8872,1
AMZN,STOCK,89.2015,93.748497,5.0974,BUY,1,0.3898,-0.3783,-0.0428,1.0124,0.9691,2.0192,1.3256,1.7823,2.9582,4.8308,0.6124,39.1993,0.1429,0.1429,0.3853,2.0192,1.3256,4
AMZN,STOCK,151.358002,146.817505,-2.9998,SELL,1,-1.0888,0.7774,-3.9171,-0.6749,-4.5656,-4.2647,-6.0993,8.9906,9.7886,16.254,0.6022,61.3134,-0.1608,-0.1608,-0.0784,-4.2647,-6.0993,-4
AMZN,STOCK,83.120003,97.25,16.9995,BUY,1,-2.473,-2.6567,-6.4206,-4.0113,-10.1743,1.5889,-2.4299,-5.813,6.0499,13.0408,0.4639,31.9539,0.2824,0.2824,-0.5621,1.5889,-2.4299,-1
AMZN,STOCK,133.679993,140.570007,5.1541,SELL,0,-0.4082,0.0145,3.3505,2.1878,5.6116,3.7888,0.0898,2.5468,5.6262,6.4737,0.8691,60.3114,-0.3585,-0.3585,0.5771,3.7888,0.0898,0
JPM,STOCK,2.165925,2.184126,0.8403,BUY,1,0.0843,-2.656,2.4253,0.3373,2.7708,5.7778,5.7778,-4.0322,7.1429,15.1786,0.4706,37.2094,0.0016,0.0016,0.0376,5.7778,5.7778,4
JPM,STOCK,3.624048,3.496023,-3.5327,SELL,1,-0.4795,1.2742,6.2329,0.8357,7.1207,-2.1276,1.3774,0.0,8.0333,11.4286,0.7029,60.4651,-0.0193,-0.0193,0.1706,-2.1276,1.3774,-4
JPM,STOCK,3.084974,3.114822,0.9675,SELL,0,-0.039,-0.4682,3.1887,2.224,5.4835,3.1496,1.5504,-1.5038,3.9683,7.6001,0.5221,67.6472,-0.0039,-0.0039,0.6119,3.1496,1.5504,0
JPM,STOCK,1.238404,1.339204,8.1395,BUY,1,-6.0924,-6.7227,-24.0405,-9.6639,-31.3811,6.1728,-12.2449,-28.3333,20.9876,30.8643,0.68,34.7826,0.018,0.018,-0.6144,6.1728,-12.2449,-1
JPM,STOCK,2.398651,2.88228,20.1625,BUY,1,-5.1808,-4.8286,-8.9735,-6.4994,-14.8897,1.9608,-8.6924,-16.4221,11.9254,21.1428,0.564,33.4064,0.0012,0.0012,-0.5683,1.9608,-8.6924,-2
JPM,STOCK,2.383275,2.943934,23.5247,BUY,1,-3.8687,-4.896,-9.3352,-6.4048,-15.1422,3.3333,-7.6766,-13.7639,8.6667,21.1428,0.4099,35.2417,0.0015,0.0015,-0.5652,3.3333,-7.6766,0
JPM,STOCK,4.747189,5.109824,7.6389,BUY,1,0.152,0.0844,-4.3054,-2.752,-6.9389,-3.6789,-2.0409,-7.9873,5.2084,5.2084,1.0,38.8891,0.0057,0.0057,-1.0759,-3.6789,-2.0409,0
JPM,STOCK,8.600857,9.116044,5.9899,SELL,0,-0.0736,0.494,6.4889,2.5749,9.2309,3.8298,0.8264,3.3899,4.2735,5.1724,0.8262,60.5634,-0.0327,-0.0327,0.7793,3.8298,0.8264,0
JPM,STOCK,13.470065,14.809734,9.9455,SELL,0,-0.1742,1.345,-0.2493,2.3068,2.0517,0.6858,0.9628,4.2614,4.9435,7.0605,0.7002,65.0943,-0.0086,-0.0086,0.5209,0.6858,0.9628,-1
JPM,STOCK,18.746428,19.996193,6.6667,SELL,0,-0.0489,0.9701,6.9365,2.6683,9.7899,1.8377,1.8897,4.0147,5.6932,6.0286,0.9444,60.4114,-0.0668,-0.0668,0.7841,1.8377,1.8897,-1
JPM,STOCK,23.755617,24.448652,2.9174,SELL,0,-0.2563,1.7314,9.8087,6.1799,16.5948,4.3993,6.4711,11.5368,13.0037,13.0037,1.0,60.3178,-0.0797,-0.0797,0.9317,4.3993,6.4711,-1
JPM,STOCK,22.79385,22.333033,-2.0217,BUY,0,0.0899,-0.7602,-4.1455,-4.684,-8.6354,-4.7386,0.1718,-11.1281,8.045,9.2561,0.8692,35.6122,0.0303,0.0303,-0.857,-4.7386,0.1718,0
JPM,STOCK,17.979319,18.718758,4.1127,SELL,0,-1.2042,1.3792,4.0315,0.2301,4.2709,-1.0867,-4.7491,1.3996,9.9593,12.8512,0.775,61.4606,-0.0965,-0.0965,0.0357,-1.0867,-4.7491,-3
JPM,STOCK,18.598923,18.170128,-2.3055,SELL,1,4.3922,4.6596,9.1002,5.4375,15.0324,-1.2241,5.5995,11.7912,4.058,15.4832,0.2621,76.0274,-0.0113,-0.0113,0.5132,-1.2241,5.5995,1
JPM,STOCK,27.734552,28.271053,1.9344,SELL,0,-0.0987,0.1535,2.6805,0.9146,3.6196,0.4585,-0.0218,4.8302,1.792,2.1759,0.8236,60.784,-0.0542,-0.0542,0.7628,0.4585,-0.0218,-2
JPM,STOCK,27.969643,28.23488,0.9483,SELL,0,-0.0197,0.0986,2.6704,1.6184,4.332,1.1334,0.9354,3.0195,2.6549,2.6549,1.0,63.4146,-0.0237,-0.0237,1.2454,1.1334,0.9354,-1
JPM,STOCK,27.056358,27.596247,1.9954,BUY,1,0.5659,1.0195,-3.8252,-3.0497,-6.7583,-5.6277,0.6928,-0.9316,9.3257,9.3257,1.0,37.5108,0.0541,0.0541,-0.5805,-5.6277,0.6928,0
JPM,STOCK,27.928043,27.723946,-0.7308,SELL,1,2.88,3.543,9.9463,4.551,14.95,-1.1188,4.0982,11.1926,5.3278,13.5822,0.3923,63.8096,-0.0716,-0.0716,0.5074,-1.1188,4.0982,1
JPM,STOCK,37.783375,38.671906,2.3516,SELL,0,-0.0351,1.2913,1.1983,0.056,1.255,-1.6599,0.8029,2.2295,3.468,6.9951,0.4958,64.9545,-0.0377,-0.0377,0.0148,-1.6599,0.8029,-3
JPM,STOCK,42.586647,42.857067,0.635,SELL,0,-0.8731,-0.5075,2.1995,2.4354,4.6884,4.5014,1.835,3.178,4.8776,4.8776,1.0,60.0264,-0.0333,-0.0333,0.9967,4.5014,1.835,0
JPM,STOCK,45.279549,43.977238,-2.8762,SELL,1,-0.1811,-0.2947,1.8394,1.3271,3.1909,2.0564,1.6686,2.1411,2.5666,3.2167,0.7979,60.6521,-0.0044,-0.0044,0.7195,2.0564,1.6686,0
JPM,STOCK,45.723385,45.955048,0.5067,BUY,1,0.2341,-0.0264,-5.3127,-2.6385,-7.8111,-2.5895,-2.776,-7.5826,5.2511,7.6282,0.6884,38.1413,0.0857,0.0857,-0.6449,-2.5895,-2.776,0
JPM,STOCK,51.305515,48.668068,-5.1407,SELL,1,-0.1119,-0.0239,4.036,1.3238,5.4132,1.0719,0.3399,2.1824,3.1763,4.4234,0.7181,62.328,-0.1156,-0.1156,0.5882,1.0719,0.3399,-1
JPM,STOCK,107.473442,115.256569,7.2419,SELL,0,-0.036,-0.2109,8.0604,2.3599,10.6105,4.4379,1.3702,7.838,4.4379,4.8188,0.9209,61.2654,-0.4968,-0.4968,0.853,4.4379,1.3702,0
JPM,STOCK,110.126999,112.603188,2.2485,BUY,1,-1.6648,-2.6201,-4.2621,-3.3041,-7.4254,1.1706,-3.8731,-8.7123,6.4846,11.4276,0.5674,34.3052,0.1643,0.1643,-0.511,1.1706,-3.8731,-1
JPM,STOCK,123.115189,120.843102,-1.8455,SELL,1,2.9891,2.7256,9.237,3.4296,12.9834,-1.0791,2.4181,9.4985,4.2855,10.5573,0.4059,70.2854,-0.1644,-0.1644,0.5292,-1.0791,2.4181,1
JPM,STOCK,281.399872,313.679993,11.4713,BUY,1,0.1488,-0.4343,-3.4009,-2.4738,-5.7906,-1.2982,-0.2117,-5.8142,4.4477,6.159,0.7222,39.8741,0.7339,0.7339,-0.6997,-1.2982,-0.2117,1
SPY,STOCK,27.20503,26.56258,-2.3615,SELL,1,-0.1126,0.169,1.973,1.0138,3.0068,0.2961,-0.0328,2.2125,1.6673,3.0323,0.5498,60.3097,-0.0368,-0.0368,0.5361,0.2961,-0.0328,-2
SPY,STOCK,90.399162,88.883644,-1.6765,SELL,1,-0.9499,-0.2109,0.2249,-0.8981,-0.6752,-1.0768,-0.1956,-4.6205,5.262,11.3511,0.4636,61.7331,-0.2265,-0.2265,-0.1735,-1.0768,-0.1956,-3
SPY,STOCK,75.663864,74.699921,-1.274,BUY,0,0.0302,0.1395,-1.251,-1.8739,-3.1014,-2.9318,-0.4786,0.1267,3.4422,4.0832,0.843,37.4467,0.0123,0.0123,-0.8617,-2.9318,-0.4786,0
SPY,STOCK,98.20945,99.221352,1.0304,SELL,0,-0.014,0.8127,0.6369,1.745,2.3931,0.751,0.1097,2.9166,3.0919,5.6771,0.5446,63.2573,-0.0086,-0.0086,0.5192,0.751,0.1097,-1
SPY,STOCK,75.594872,79.222076,4.7982,SELL,0,-0.2813,0.7925,4.1503,0.7274,4.9078,-1.2768,-0.8838,0.8498,3.5864,5.1775,0.6927,67.1545,-0.289,-0.289,0.2373,-1.2768,-0.8838,-3
SPY,STOCK,167.541199,170.67984,1.8734,SELL,0,-0.5296,0.7181,0.289,-0.8502,-0.5636,-2.5482,-2.4871,-1.5408,4.454,6.0441,0.7369,61.7801,-0.5524,-0.5524,-0.2381,-2.5482,-2.4871,-4
SPY,STOCK,235.019409,215.880051,-8.1437,BUY,0,0.1851,-0.2168,-1.5475,-2.8206,-4.3244,-3.7995,-0.5471,-6.2062,6.0969,6.5527,0.9304,39.7216,0.0252,0.0252,-0.7564,-3.7995,-0.5471,0
SPY,STOCK,439.135651,409.854248,-6.668,SELL,1,-0.0072,0.7967,0.8058,-0.7712,0.0284,-2.5539,-2.462,-0.7636,2.6208,4.9958,0.5246,62.9203,-1.0484,-1.0484,-0.2679,-2.5539,-2.462,-4
SPY,STOCK,346.197968,357.172028,3.1699,BUY,1,-1.3968,-2.4443,-4.9906,-3.7169,-8.522,1.5707,-1.4023,-10.4082,5.8206,14.5889,0.399,34.2235,0.5211,0.5211,-0.5317,1.5707,-1.4023,-1
QQQ,STOCK,78.029396,78.45118,0.5405,SELL,0,-0.03,2.5338,10.5493,5.8414,17.0069,-2.3747,3.1358,15.7607,18.2989,19.1356,0.9563,59.0909,-0.4831,-0.4831,0.552,-2.3747,3.1358,-5
QQQ,STOCK,65.692345,63.860233,-2.7889,BUY,0,0.9435,-1.8718,-8.0939,-5.9551,-13.567,-0.1602,1.0544,-13.0495,14.8919,21.8802,0.6806,39.5766,0.3665,0.3665,-0.5674,-0.1602,1.0544,1
QQQ,STOCK,63.860233,56.20224,-11.9918,BUY,0,0.2696,-0.5054,-6.9055,-6.3632,-12.8293,-6.5393,-2.7889,-1.7639,9.7214,14.8919,0.6528,34.3276,0.1659,0.1659,-0.8064,-6.5393,-2.7889,0
QQQ,STOCK,34.164227,31.7938,-6.9383,BUY,0,0.9387,0.2828,-2.9937,-3.7525,-6.6338,-6.0325,0.0,-1.2195,8.4197,9.3649,0.8991,39.4685,0.0747,0.0747,-0.7081,-6.0325,0.0,0
QQQ,STOCK,38.100037,37.07959,-2.6783,SELL,1,-0.0518,-0.0641,2.3275,0.7757,3.1213,1.3306,1.8876,0.4157,1.7943,2.4977,0.7184,61.646,-0.0504,-0.0504,0.5097,1.3306,1.8876,-1
QQQ,STOCK,42.770905,40.81699,-4.5683,SELL,1,-0.0572,0.4618,4.575,1.5408,6.1862,3.1341,1.181,5.2531,3.7983,4.1008,0.9262,61.0254,-0.1002,-0.1002,0.6252,3.1341,1.181,0
QQQ,STOCK,34.938778,36.887581,5.5778,SELL,0,-0.2238,0.6135,3.4165,1.4708,4.9375,-0.1978,0.1738,1.2036,3.0318,5.0935,0.5952,70.9822,-0.1003,-0.1003,0.5278,-0.1978,0.1738,-2
QQQ,STOCK,35.267738,36.956905,4.7896,SELL,0,-0.01,0.5925,3.3298,2.2796,5.6853,1.7737,1.2174,2.8788,3.7962,5.8732,0.6464,69.8377,-0.0481,-0.0481,0.7662,1.7737,1.2174,-1
QQQ,STOCK,75.425629,76.942444,2.011,SELL,0,-0.0624,0.1896,2.9883,1.2048,4.2291,0.6506,0.6749,3.9313,2.5786,3.3399,0.7721,61.8496,-0.1143,-0.1143,0.8084,0.6506,0.6749,-1
QQQ,STOCK,235.281647,242.337143,2.9987,SELL,0,1.2837,1.7358,5.661,3.2312,9.0752,-1.0559,2.9279,7.3878,5.2132,7.5807,0.6877,66.4813,-0.2568,-0.2568,0.7021,-1.0559,2.9279,1
QQQ,STOCK,362.613708,371.24115,2.3792,SELL,0,-0.086,0.0645,1.9728,1.7287,3.7356,1.1518,1.2204,1.2863,3.0424,3.0424,1.0,61.3666,-0.3595,-0.3595,1.3042,1.1518,1.2204,-1
